,ts_code,trade_date,open,high,low,close,pre_close,change,pct_chg,vol,amount
0,002475.SZ,20211230,47.0,49.1,46.77,48.51,47.71,0.7999999999999972,1.6768,640920.36,3093128.783
1,002475.SZ,20211229,48.48,48.48,47.02,47.71,48.18,-0.46999999999999886,-0.9755,398975.02,1901397.007
2,002475.SZ,20211228,48.82,49.3,47.41,48.18,48.7,-0.5200000000000031,-1.0678,519616.71,2501066.53
3,002475.SZ,20211227,49.3,50.88,48.41,48.7,49.54,-0.8399999999999963,-1.6956,587205.59,2890982.301
4,002475.SZ,20211224,48.52,50.1,48.52,49.54,49.0,0.5399999999999991,1.102,638642.85,3165356.971
5,002475.SZ,20211223,48.5,49.3,47.25,49.0,47.8,1.2000000000000028,2.5105,704126.59,3421805.701
6,002475.SZ,20211222,45.52,49.16,45.52,47.8,45.51,2.289999999999999,5.0319,1128573.1,5392390.91
7,002475.SZ,20211221,44.18,46.4,44.17,45.51,44.37,1.1400000000000006,2.5693,523564.48,2384098.772
8,002475.SZ,20211220,45.5,46.47,43.88,44.37,45.78,-1.4100000000000037,-3.0799,584668.09,2616827.957
9,002475.SZ,20211217,46.0,46.77,45.65,45.78,46.56,-0.7800000000000011,-1.6753,390770.16,1802560.12
10,002475.SZ,20211216,45.91,46.78,45.45,46.56,45.37,1.1900000000000048,2.6229,517770.43,2392758.634
11,002475.SZ,20211215,46.12,46.66,45.1,45.37,46.35,-0.980000000000004,-2.1143,556915.52,2542784.494
12,002475.SZ,20211214,46.6,46.96,45.9,46.35,46.66,-0.30999999999999517,-0.6644,547042.38,2538941.182
13,002475.SZ,20211213,45.32,47.0,45.22,46.66,45.32,1.3399999999999963,2.9568,812952.38,3787744.88
14,002475.SZ,20211210,44.86,45.87,44.75,45.32,45.61,-0.28999999999999915,-0.6358,681682.09,3085637.204
15,002475.SZ,20211209,44.1,46.77,43.64,45.61,44.09,1.519999999999996,3.4475,1413262.63,6449809.82
16,002475.SZ,20211208,41.7,44.33,40.88,44.09,41.52,2.5700000000000003,6.1898,1272020.0,5449433.17
17,002475.SZ,20211207,40.2,42.0,40.08,41.52,39.53,1.990000000000002,5.0342,931768.52,3857078.459
18,002475.SZ,20211206,38.63,40.1,38.2,39.53,38.63,0.8999999999999986,2.3298,554777.91,2194139.358
19,002475.SZ,20211203,38.65,39.0,38.1,38.63,38.63,0.0,0.0,496447.92,1906614.345
20,002475.SZ,20211202,39.41,40.07,38.44,38.63,39.8,-1.1699999999999946,-2.9397,558143.95,2174994.246
21,002475.SZ,20211201,39.58,40.08,39.4,39.8,39.65,0.14999999999999858,0.3783,283991.57,1127115.635
22,002475.SZ,20211130,40.1,40.18,39.53,39.65,40.1,-0.45000000000000284,-1.1222,417894.12,1660144.224
23,002475.SZ,20211129,39.48,40.97,39.25,40.1,40.12,-0.01999999999999602,-0.0499,479737.68,1917982.636
24,002475.SZ,20211126,41.6,41.6,40.01,40.12,41.75,-1.6300000000000026,-3.9042,586856.09,2370541.106
25,002475.SZ,20211125,41.9,42.49,41.38,41.75,42.3,-0.5499999999999972,-1.3002,303637.95,1267978.224
26,002475.SZ,20211124,42.32,42.65,41.36,42.3,42.02,0.27999999999999403,0.6663,405283.69,1706186.555
27,002475.SZ,20211123,42.55,42.77,41.8,42.02,42.76,-0.7399999999999949,-1.7306,394317.66,1662439.846
28,002475.SZ,20211122,43.31,43.33,42.23,42.76,43.1,-0.3400000000000034,-0.7889,620096.21,2650383.357
29,002475.SZ,20211119,40.77,43.95,40.77,43.1,40.85,2.25,5.508,1006740.8,4327723.695
30,002475.SZ,20211118,42.16,43.2,40.6,40.85,42.46,-1.6099999999999994,-3.7918,594397.68,2458748.462
31,002475.SZ,20211117,42.7,42.85,42.0,42.46,42.88,-0.4200000000000017,-0.9795,447624.53,1898891.11
32,002475.SZ,20211116,41.44,43.35,41.36,42.88,41.74,1.1400000000000006,2.7312,827049.26,3536763.834
33,002475.SZ,20211115,40.46,42.04,40.31,41.74,40.48,1.2600000000000051,3.1126,737467.43,3060626.289
34,002475.SZ,20211112,39.81,40.78,39.13,40.48,39.89,0.5899999999999963,1.4791,413607.25,1663609.144
35,002475.SZ,20211111,39.4,40.57,39.22,39.89,39.55,0.3400000000000034,0.8597,532653.99,2135757.855
36,002475.SZ,20211110,39.89,40.13,39.2,39.55,39.9,-0.3500000000000014,-0.8772,442498.32,1750723.853
37,002475.SZ,20211109,40.7,41.0,39.2,39.9,40.7,-0.8000000000000043,-1.9656,555469.72,2214451.004
38,002475.SZ,20211108,41.02,41.19,39.68,40.7,41.2,-0.5,-1.2136,549686.91,2224415.591
39,002475.SZ,20211105,41.21,42.17,41.15,41.2,41.2,0.0,0.0,618383.55,2575714.612
40,002475.SZ,20211104,39.96,41.97,39.86,41.2,39.78,1.4200000000000017,3.5696,844090.87,3471367.875
41,002475.SZ,20211103,40.0,40.18,39.09,39.78,39.78,0.0,0.0,439896.94,1744057.257
42,002475.SZ,20211102,39.7,40.48,39.2,39.78,39.79,-0.00999999999999801,-0.0251,616934.72,2454522.531
43,002475.SZ,20211101,38.64,40.03,38.0,39.79,38.64,1.1499999999999986,2.9762,778276.35,3075787.414
44,002475.SZ,20211029,38.86,39.32,38.2,38.64,38.88,-0.240000000000002,-0.6173,704001.9,2729298.439
45,002475.SZ,20211028,37.0,40.1,36.75,38.88,38.12,0.7600000000000051,1.9937,1613413.74,6296787.923
46,002475.SZ,20211027,39.1,39.1,38.01,38.12,39.32,-1.2000000000000028,-3.0519,659338.02,2534874.645
47,002475.SZ,20211026,37.55,39.5,37.22,39.32,37.76,1.5600000000000023,4.1314,1064459.39,4120783.649
48,002475.SZ,20211025,37.8,38.18,37.15,37.76,37.83,-0.07000000000000028,-0.185,456013.81,1723877.627
49,002475.SZ,20211022,37.27,38.12,36.94,37.83,37.28,0.5499999999999972,1.4753,521738.96,1967833.551
50,002475.SZ,20211021,37.0,38.3,36.85,37.28,37.09,0.18999999999999773,0.5123,622848.97,2341408.076
51,002475.SZ,20211020,37.39,37.44,36.51,37.09,36.99,0.10000000000000142,0.2703,438103.96,1617056.768
52,002475.SZ,20211019,34.93,37.68,34.93,36.99,34.79,2.200000000000003,6.3237,856507.88,3136367.582
53,002475.SZ,20211018,36.08,36.08,34.56,34.79,36.18,-1.3900000000000006,-3.8419,534965.94,1871388.289
54,002475.SZ,20211015,35.8,36.6,35.37,36.18,35.72,0.46000000000000085,1.2878,456224.73,1649168.064
55,002475.SZ,20211014,36.43,36.45,35.69,35.72,36.16,-0.4399999999999977,-1.2168,306368.83,1100443.793
56,002475.SZ,20211013,36.22,36.49,35.6,36.16,36.45,-0.29000000000000625,-0.7956,429322.94,1546910.553
57,002475.SZ,20211012,37.57,37.69,36.13,36.45,37.57,-1.1199999999999974,-2.9811,543413.66,1998069.467
58,002475.SZ,20211011,37.6,38.79,37.4,37.57,37.68,-0.10999999999999943,-0.2919,612184.03,2321984.291
59,002475.SZ,20211008,37.0,37.92,36.5,37.68,35.71,1.9699999999999989,5.5167,858837.73,3219976.765
60,002475.SZ,20210930,35.71,36.2,35.5,35.71,35.71,0.0,0.0,361610.39,1296961.13
61,002475.SZ,20210929,35.2,36.13,34.59,35.71,35.81,-0.10000000000000142,-0.2793,551235.83,1947621.865
62,002475.SZ,20210928,36.84,36.84,35.6,35.81,36.84,-1.0300000000000011,-2.7959,546309.19,1970308.995
63,002475.SZ,20210927,35.6,37.36,35.4,36.84,35.6,1.240000000000002,3.4831,972161.71,3563584.306
64,002475.SZ,20210924,35.3,36.64,34.9,35.6,35.48,0.12000000000000455,0.3382,960292.01,3438634.26
65,002475.SZ,20210923,33.0,35.58,33.0,35.48,32.9,2.5799999999999983,7.8419,1249023.84,4325737.863
66,002475.SZ,20210922,33.0,33.55,32.8,32.9,33.53,-0.6300000000000026,-1.8789,365840.38,1208645.203
67,002475.SZ,20210917,33.89,34.02,33.33,33.53,34.08,-0.5499999999999972,-1.6138,381214.5,1279312.387
68,002475.SZ,20210916,33.6,34.14,33.25,34.08,33.4,0.6799999999999997,2.0359,577782.33,1945625.798
69,002475.SZ,20210915,34.3,34.31,33.32,33.4,34.32,-0.9200000000000017,-2.6807,736097.2,2466658.242
70,002475.SZ,20210914,35.01,35.35,34.2,34.32,34.99,-0.6700000000000017,-1.9148,512065.42,1776258.33
71,002475.SZ,20210913,36.0,36.0,34.86,34.99,36.02,-1.0300000000000011,-2.8595,632220.31,2225376.004
72,002475.SZ,20210910,35.15,36.34,34.85,36.02,35.34,0.6799999999999997,1.9242,780492.32,2773610.861
73,002475.SZ,20210909,35.4,35.7,34.81,35.34,36.12,-0.779999999999994,-2.1595,494657.78,1743337.627
74,002475.SZ,20210908,35.33,36.84,35.25,36.12,35.11,1.009999999999998,2.8767,967056.65,3473006.834
75,002475.SZ,20210907,35.33,35.42,34.71,35.11,35.27,-0.1600000000000037,-0.4536,537915.15,1882211.422
76,002475.SZ,20210906,34.2,35.46,34.0,35.27,34.2,1.0700000000000003,3.1287,564634.15,1971160.665
77,002475.SZ,20210903,34.27,34.58,33.59,34.2,34.25,-0.04999999999999716,-0.146,436190.42,1489014.659
78,002475.SZ,20210902,34.52,35.19,33.77,34.25,34.31,-0.060000000000002274,-0.1749,602002.38,2067779.438
79,002475.SZ,20210901,33.8,34.65,33.36,34.31,33.86,0.45000000000000284,1.329,744352.43,2538031.727
80,002475.SZ,20210831,35.14,35.32,33.6,33.86,35.72,-1.8599999999999994,-5.2072,1126462.02,3851116.129
81,002475.SZ,20210830,38.21,38.49,35.0,35.72,37.98,-2.259999999999998,-5.9505,1425686.27,5172287.951
82,002475.SZ,20210827,37.3,38.72,37.01,37.98,37.22,0.759999999999998,2.0419,668487.81,2537622.533
83,002475.SZ,20210826,37.24,37.64,36.6,37.22,37.2,0.01999999999999602,0.0538,519010.51,1929902.059
84,002475.SZ,20210825,37.05,38.38,37.05,37.2,38.68,-1.4799999999999969,-3.8263,979186.82,3663282.368
85,002475.SZ,20210824,39.3,39.4,38.58,38.68,38.97,-0.28999999999999915,-0.7442,404961.34,1573995.741
86,002475.SZ,20210823,38.45,39.16,38.05,38.97,37.95,1.019999999999996,2.6877,491586.19,1911378.697
87,002475.SZ,20210820,37.5,38.17,36.84,37.95,37.7,0.25,0.6631,533659.07,2000189.557
88,002475.SZ,20210819,38.0,38.9,37.66,37.7,38.23,-0.529999999999994,-1.3863,501327.83,1908559.907
89,002475.SZ,20210818,37.91,38.5,37.55,38.23,37.78,0.44999999999999574,1.1911,350939.25,1337337.276
90,002475.SZ,20210817,38.58,39.08,37.44,37.78,38.63,-0.8500000000000014,-2.2004,506778.24,1935496.882
91,002475.SZ,20210816,39.2,39.67,38.5,38.63,39.34,-0.7100000000000009,-1.8048,601873.24,2338193.539
92,002475.SZ,20210813,42.3,42.46,38.88,39.34,42.16,-2.819999999999993,-6.6888,1176044.48,4720100.305
93,002475.SZ,20210812,41.78,42.7,41.52,42.16,41.81,0.3499999999999943,0.8371,704452.24,2972919.217
94,002475.SZ,20210811,42.05,42.15,41.32,41.81,41.82,-0.00999999999999801,-0.0239,453044.98,1893794.558
95,002475.SZ,20210810,41.97,42.3,41.08,41.82,42.18,-0.35999999999999943,-0.8535,616067.23,2561132.54
96,002475.SZ,20210809,40.02,42.34,39.81,42.18,40.65,1.5300000000000011,3.7638,850185.29,3524466.019
97,002475.SZ,20210806,41.28,41.28,40.28,40.65,41.43,-0.7800000000000011,-1.8827,610159.0,2482353.618
98,002475.SZ,20210805,41.6,42.45,40.98,41.43,41.54,-0.10999999999999943,-0.2648,836021.95,3473587.027
99,002475.SZ,20210804,39.31,41.96,39.01,41.54,39.08,2.460000000000001,6.2948,1233304.24,5013346.581
100,002475.SZ,20210803,38.2,39.85,37.87,39.08,38.26,0.8200000000000003,2.1432,863387.67,3372611.53
101,002475.SZ,20210802,36.31,38.74,35.6,38.26,36.98,1.2800000000000011,3.4613,1064372.16,3963711.197
102,002475.SZ,20210730,37.85,37.88,36.1,36.98,38.27,-1.2900000000000063,-3.3708,892392.24,3281056.248
103,002475.SZ,20210729,38.37,38.87,37.85,38.27,37.69,0.5800000000000054,1.5389,679934.61,2605669.112
104,002475.SZ,20210728,38.3,38.6,36.66,37.69,38.63,-0.9400000000000048,-2.4333,754768.29,2848493.952
105,002475.SZ,20210727,40.02,40.66,38.59,38.63,39.79,-1.1599999999999966,-2.9153,908133.89,3577802.41
106,002475.SZ,20210726,40.55,41.07,39.06,39.79,40.45,-0.6600000000000037,-1.6316,763847.37,3057646.901
107,002475.SZ,20210723,41.11,41.55,40.1,40.45,41.29,-0.8399999999999963,-2.0344,836518.68,3398587.148
108,002475.SZ,20210722,42.0,42.51,40.45,41.29,42.05,-0.759999999999998,-1.8074,1101376.13,4542490.451
109,002475.SZ,20210721,43.11,43.91,41.98,42.05,43.22,-1.1700000000000017,-2.7071,942143.62,4045580.538
110,002475.SZ,20210720,42.1,43.31,42.0,43.22,42.67,0.5499999999999972,1.289,598863.59,2557439.664
111,002475.SZ,20210719,41.4,42.67,41.06,42.67,41.26,1.4100000000000037,3.4174,714992.96,3001673.591
112,002475.SZ,20210716,42.18,42.78,41.21,41.26,42.26,-1.0,-2.3663,655267.65,2740235.662
113,002475.SZ,20210715,43.72,43.78,41.67,42.26,43.13,-0.8700000000000045,-2.0172,799084.17,3378827.953
114,002475.SZ,20210714,43.11,44.13,42.89,43.13,43.06,0.07000000000000028,0.1626,624406.75,2707569.577
115,002475.SZ,20210713,44.99,44.99,42.91,43.06,45.5,-2.4399999999999977,-5.3626,1181686.91,5148898.127
116,002475.SZ,20210712,46.5,46.8,45.0,45.5,46.27,-0.7700000000000031,-1.6641,870216.77,3977668.288
117,002475.SZ,20210709,46.0,47.18,44.66,46.27,46.66,-0.38999999999999346,-0.8358,808601.78,3709110.645
118,002475.SZ,20210708,45.49,47.22,45.49,46.66,45.21,1.4499999999999957,3.2073,925885.17,4315418.397
119,002475.SZ,20210707,44.7911,46.1378,44.4021,45.2101,45.2899,-0.07980000000000587,-0.1762,683087.28,3109383.928
120,002475.SZ,20210706,45.9383,46.0481,44.2524,45.2899,45.6091,-0.31919999999999504,-0.6999,665396.32,3008064.045
121,002475.SZ,20210705,43.8933,45.639,43.7736,45.6091,43.4943,2.1147999999999954,4.8622,775394.82,3485838.326
122,002475.SZ,20210702,45.26,45.3597,43.2748,43.4943,45.6889,-2.194599999999994,-4.8034,929416.59,4090692.665
123,002475.SZ,20210701,46.467,46.5568,45.24,45.6889,45.8884,-0.19950000000000045,-0.4348,611738.85,2808913.352
124,002475.SZ,20210630,47.0855,47.3648,45.4096,45.8884,47.3748,-1.4864000000000033,-3.1375,1007094.75,4641936.194
125,002475.SZ,20210629,47.0656,48.0831,46.4471,47.3748,47.1653,0.20949999999999847,0.4442,744406.85,3541260.869
126,002475.SZ,20210628,47.285,48.8712,46.1877,47.1653,46.896,0.2693000000000012,0.5742,1277596.72,6091724.533
127,002475.SZ,20210625,45.7488,49.9585,44.8609,46.896,45.7288,1.1672000000000011,2.5524,1712807.77,8090878.655
128,002475.SZ,20210624,44.5916,46.3872,44.5617,45.7288,43.9432,1.7856000000000023,4.0634,1465991.21,6688742.882
129,002475.SZ,20210623,41.6986,44.6714,41.13,43.9432,41.7385,2.2046999999999954,5.2822,1329730.95,5790418.984
130,002475.SZ,20210622,42.0777,42.377,41.0302,41.7385,41.9979,-0.2593999999999994,-0.6176,760855.07,3172563.261
131,002475.SZ,20210621,39.484,42.1974,39.1847,41.9979,39.6636,2.334299999999999,5.8852,1372664.84,5699235.729
132,002475.SZ,20210618,39.3244,39.913,38.9054,39.6636,39.2246,0.43900000000000006,1.1192,670712.04,2651007.366
133,002475.SZ,20210617,37.7782,39.4042,37.6086,39.2246,37.7782,1.4464000000000041,3.8287,734635.33,2850499.313
134,002475.SZ,20210616,39.893,40.0925,37.5687,37.7782,39.7135,-1.9353000000000051,-4.8732,729931.98,2831893.332
135,002475.SZ,20210615,38.9254,39.893,38.7059,39.7135,38.9054,0.8081000000000031,2.0771,690068.69,2727040.602
136,002475.SZ,20210611,40.1025,40.2521,38.3168,38.9054,40.2821,-1.3766999999999996,-3.4176,885755.21,3468025.959
137,002475.SZ,20210610,40.721,41.0003,39.8032,40.2821,40.8008,-0.5187000000000026,-1.2713,729801.57,2953490.391
138,002475.SZ,20210609,40.4018,40.9704,39.6137,40.8008,40.1524,0.6484000000000023,1.6148,891624.36,3628309.285
139,002475.SZ,20210608,39.2945,41.0302,39.1249,40.1524,39.3244,0.828000000000003,2.1056,1292917.12,5242181.655
140,002475.SZ,20210607,38.3667,39.5439,38.3567,39.3244,38.257,1.0673999999999992,2.7901,854525.52,3350106.444
141,002475.SZ,20210604,37.9777,38.5862,37.2893,38.257,38.4366,-0.17960000000000065,-0.4673,588321.47,2243751.282
142,002475.SZ,20210603,38.1971,39.4541,38.0076,38.4366,38.2271,0.20949999999999847,0.548,670865.17,2604776.232
143,002475.SZ,20210602,39.1548,39.3044,37.9278,38.2271,39.1149,-0.8877999999999986,-2.2697,646879.12,2489384.761
144,002475.SZ,20210601,38.8555,40.0626,38.237,39.1149,38.9054,0.20949999999999847,0.5385,817378.19,3219681.892
145,002475.SZ,20210531,39.3344,39.3443,38.3168,38.9054,39.2047,-0.29930000000000234,-0.7634,745616.4,2893968.574
146,002475.SZ,20210528,39.8132,40.0526,38.656,39.2047,39.8032,-0.5984999999999943,-1.5036,848097.73,3339012.015
147,002475.SZ,20210527,39.085,40.2023,38.8156,39.8032,39.0251,0.7780999999999949,1.9938,975382.77,3879797.265
148,002475.SZ,20210526,39.893,40.2322,38.5363,39.0251,39.6935,-0.6683999999999983,-1.6839,1184922.03,4663970.074
149,002475.SZ,20210525,36.8305,39.903,36.4314,39.6935,36.7108,2.9827000000000012,8.1249,2017290.07,7766348.276
150,002475.SZ,20210524,34.4862,36.9103,34.1969,36.7108,34.566,2.1447999999999965,6.2049,1256546.05,4517294.151
151,002475.SZ,20210521,35.8528,36.4713,34.4064,34.566,35.8528,-1.2867999999999995,-3.5891,686370.26,2413379.403
152,002475.SZ,20210520,35.4638,36.192,35.1745,35.8528,35.6633,0.18950000000000244,0.5314,601428.64,2158548.649
153,002475.SZ,20210519,34.4263,36.1122,34.0472,35.6633,34.7056,0.9577000000000027,2.7595,859980.0,3070850.317
154,002475.SZ,20210518,34.5161,35.0847,33.9475,34.7056,34.6956,0.00999999999999801,0.0288,643518.68,2225460.191
155,002475.SZ,20210517,33.4188,35.6034,33.4088,34.6956,33.3888,1.3067999999999955,3.9139,985736.0,3406229.349
156,002475.SZ,20210514,32.9698,33.4387,31.8725,33.3888,32.8801,0.5087000000000046,1.5471,747468.25,2454695.485
157,002475.SZ,20210513,32.9299,33.4786,32.7504,32.8801,33.5883,-0.7081999999999979,-2.1085,600002.49,1985392.847
158,002475.SZ,20210512,34.2966,34.3465,33.1195,33.5883,34.4163,-0.828000000000003,-2.4058,693977.23,2335793.2
159,002475.SZ,20210511,34.2767,34.5161,33.5185,34.4163,34.4363,-0.020000000000003126,-0.0581,580378.38,1979651.282
160,002475.SZ,20210510,34.5759,35.1146,33.718,34.4363,34.6158,-0.17949999999999733,-0.5185,660072.02,2274778.514
161,002475.SZ,20210507,36.4115,36.8305,34.4762,34.6158,36.2419,-1.626100000000001,-4.4868,745442.1,2658897.001
162,002475.SZ,20210506,36.5611,37.5587,35.9426,36.2419,36.8704,-0.6284999999999954,-1.7046,562371.71,2061918.688
163,002475.SZ,20210430,36.8105,37.0998,36.3616,36.8704,36.621,0.2493999999999943,0.681,563238.96,2078064.725
164,002475.SZ,20210429,37.0998,37.5587,36.4614,36.621,37.1098,-0.4887999999999977,-1.3172,654521.97,2420610.924
165,002475.SZ,20210428,37.7782,38.0275,36.9601,37.1098,38.3069,-1.197099999999999,-3.125,1053203.4,3948848.742
166,002475.SZ,20210427,36.1122,38.3368,35.3241,38.3069,36.2419,2.0649999999999977,5.6978,1251481.68,4653232.53
167,002475.SZ,20210426,36.3117,37.3292,35.6334,36.2419,37.2993,-1.0574000000000012,-2.8349,1122352.81,4110137.997
168,002475.SZ,20210423,36.8005,37.9178,36.4314,37.2993,37.2794,0.019899999999999807,0.0534,1108522.52,4142223.134
169,002475.SZ,20210422,36.4813,38.5263,35.2343,37.2794,36.0823,1.197100000000006,3.3177,1759506.28,6501303.069
170,002475.SZ,20210421,34.1171,36.2219,33.9375,36.0823,35.1745,0.9077999999999946,2.5808,1099631.08,3886528.073
171,002475.SZ,20210420,36.2519,36.2519,35.1545,35.1745,36.4713,-1.2967999999999975,-3.5557,1150354.48,4108390.262
172,002475.SZ,20210419,33.329,36.5212,33.2691,36.4713,33.1993,3.2719999999999985,9.8556,1921263.26,6871104.719
173,002475.SZ,20210416,33.3988,33.5085,32.501,33.1993,33.3888,-0.18950000000000244,-0.5676,486114.86,1609124.111
174,002475.SZ,20210415,34.0871,34.1869,32.8202,33.3888,34.0672,-0.6783999999999963,-1.9914,639223.5,2125414.453
175,002475.SZ,20210414,34.1669,34.3365,33.5983,34.0672,34.0472,0.020000000000003126,0.0587,528341.09,1800520.952
176,002475.SZ,20210413,32.7105,34.7655,32.7105,34.0472,32.6805,1.3666999999999945,4.182,1003938.54,3425903.411
177,002475.SZ,20210412,33.5285,33.7879,32.511,32.6805,33.3689,-0.6883999999999943,-2.063,461306.66,1527506.737
178,002475.SZ,20210409,33.9874,34.1969,33.2192,33.3689,33.9774,-0.6085000000000065,-1.7909,512729.27,1722908.675
179,002475.SZ,20210408,34.5261,34.7655,33.9275,33.9774,34.3964,-0.41899999999999693,-1.2182,471898.35,1618186.723
180,002475.SZ,20210407,35.1645,35.1645,34.0173,34.3964,35.0049,-0.6084999999999994,-1.7383,575608.02,1981120.298
181,002475.SZ,20210406,35.7531,36.0823,34.955,35.0049,35.6433,-0.6384000000000043,-1.7911,646470.91,2285170.761
182,002475.SZ,20210402,35.0348,36.1621,34.7256,35.6433,34.9949,0.6484000000000023,1.8528,852371.75,3046277.189
183,002475.SZ,20210401,34.0273,35.1845,33.8278,34.9949,33.748,1.2469000000000037,3.6947,873250.22,3028667.448
184,002475.SZ,20210331,33.8377,33.9874,32.9898,33.748,33.8278,-0.07980000000000587,-0.2359,581520.25,1953136.299
185,002475.SZ,20210330,33.6681,34.2866,33.1195,33.8278,33.6681,0.15970000000000084,0.4743,812687.31,2754676.943
186,002475.SZ,20210329,35.0348,35.1246,33.5285,33.6681,34.8353,-1.167199999999994,-3.3506,952764.99,3243654.888
187,002475.SZ,20210326,33.1394,35.0648,32.8202,34.8353,32.8102,2.025099999999995,6.1722,1166553.08,4009761.698
188,002475.SZ,20210325,31.9723,33.1594,31.8226,32.8102,32.3214,0.4888000000000048,1.5123,952885.57,3119282.547
189,002475.SZ,20210324,33.9275,34.1669,32.2915,32.3214,34.2667,-1.9453000000000031,-5.6769,1316784.17,4349596.635
190,002475.SZ,20210323,35.4339,36.0025,33.9973,34.2667,35.2144,-0.9476999999999975,-2.6912,1192975.38,4163396.884
191,002475.SZ,20210322,35.9127,36.0224,32.7304,35.2144,35.7531,-0.5387000000000057,-1.5067,1744476.26,5990806.291
192,002475.SZ,20210319,37.9078,37.9677,35.5137,35.7531,38.4864,-2.7333,-7.102,1365145.89,4990287.181
193,002475.SZ,20210318,38.4964,38.7558,37.5088,38.4864,38.4964,-0.00999999999999801,-0.026,706126.18,2692449.802
194,002475.SZ,20210317,37.4091,39.3843,36.7008,38.4964,38.3268,0.16960000000000264,0.4425,852593.23,3253950.783
195,002475.SZ,20210316,38.1273,39.504,37.828,38.3268,38.1074,0.21940000000000026,0.5757,818584.19,3166208.512
196,002475.SZ,20210315,40.302,40.4317,37.7881,38.1074,40.7509,-2.643500000000003,-6.487,1270150.49,4946161.446
197,002475.SZ,20210312,42.2672,42.3969,40.0526,40.7509,42.0478,-1.2969000000000008,-3.0843,1102370.31,4522028.816
198,002475.SZ,20210311,42.9456,43.2748,40.0925,42.0478,43.3247,-1.2768999999999977,-2.9473,1407565.43,5882176.947
199,002475.SZ,20210310,45.3797,46.2875,42.9157,43.3247,44.3921,-1.0673999999999992,-2.4045,776288.94,3429793.611
200,002475.SZ,20210309,46.477,46.477,42.6064,44.3921,46.088,-1.6959000000000017,-3.6797,747303.05,3344775.52
201,002475.SZ,20210308,47.9335,48.5619,45.8884,46.088,47.5145,-1.4264999999999972,-3.0022,555088.53,2618227.549
202,002475.SZ,20210305,45.5493,47.8836,45.4395,47.5145,46.0979,1.4165999999999954,3.073,634517.46,2979127.913
203,002475.SZ,20210304,48.2826,48.3225,45.6989,46.0979,48.8313,-2.733399999999996,-5.5976,788762.4,3680130.774
204,002475.SZ,20210303,48.3824,49.2303,48.0831,48.8313,48.8812,-0.049900000000000944,-0.1021,541557.04,2641451.775
205,002475.SZ,20210302,47.9534,49.6792,47.6242,48.8812,47.4846,1.3965999999999994,2.9412,1010265.75,4953798.644
206,002475.SZ,20210301,46.9858,47.7938,46.467,47.4846,46.3872,1.0974000000000004,2.3657,491701.13,2324381.836
207,002475.SZ,20210226,45.8884,47.305,45.4395,46.3872,46.7863,-0.3990999999999971,-0.853,615044.05,2870285.611
208,002475.SZ,20210225,47.4945,47.8736,46.2176,46.7863,47.4846,-0.6983000000000033,-1.4706,540247.29,2545077.642
209,002475.SZ,20210224,48.2228,48.7814,46.7464,47.4846,48.3824,-0.8977999999999966,-1.8556,635117.06,3041045.456
210,002475.SZ,20210223,48.3325,49.5795,48.1829,48.3824,48.5819,-0.19950000000000045,-0.4106,569810.41,2786481.815
211,002475.SZ,20210222,49.7291,49.779,48.5819,48.5819,49.7191,-1.1372,-2.2872,778903.35,3829641.284
212,002475.SZ,20210219,49.5795,49.8688,48.1031,49.7191,49.9885,-0.2694000000000045,-0.5389,706501.4,3472647.53
213,002475.SZ,20210218,53.1907,53.47,49.779,49.9885,52.652,-2.663499999999999,-5.0587,1209311.17,6137864.662
214,002475.SZ,20210210,50.8763,53.1209,49.9585,52.652,50.1581,2.4939000000000036,4.9721,929030.01,4853025.413
215,002475.SZ,20210209,46.886,50.4773,46.886,50.1581,47.7439,2.414200000000001,5.0566,879147.5,4359929.656
216,002475.SZ,20210208,49.8787,50.3077,45.4994,47.7439,49.3999,-1.656000000000006,-3.3522,1251205.44,6020792.375
217,002475.SZ,20210205,48.9909,50.3675,48.9909,49.3999,48.8812,0.5187000000000026,1.0611,679457.9,3394908.577
218,002475.SZ,20210204,50.0284,50.6668,47.8836,48.8812,51.415,-2.5337999999999994,-4.9281,1530307.13,7500830.517
219,002475.SZ,20210203,53.6496,53.6695,51.1556,51.415,53.6695,-2.2545,-4.2007,861414.63,4499967.634
220,002475.SZ,20210202,53.081,53.9688,51.415,53.6695,53.041,0.6285000000000025,1.1849,792089.56,4181979.755
221,002475.SZ,20210201,53.3603,53.3603,51.7642,53.041,52.9712,0.06979999999999364,0.1318,602416.78,3180705.617
222,002475.SZ,20210129,51.3252,53.8591,51.3152,52.9712,50.2279,2.743300000000005,5.4617,1148204.07,6048822.471
223,002475.SZ,20210128,53.3702,53.3702,49.9186,50.2279,53.6595,-3.431600000000003,-6.3951,1228387.21,6301783.109
224,002475.SZ,20210127,52.3727,54.278,52.2629,53.6595,52.652,1.0075000000000003,1.9135,687573.42,3665534.374
225,002475.SZ,20210126,54.1484,55.3454,52.4724,52.652,55.0761,-2.4240999999999957,-4.4014,976987.98,5255231.744
226,002475.SZ,20210125,53.3702,56.4129,51.8839,55.0761,57.3506,-2.2745000000000033,-3.966,2043919.61,11100122.091
227,002475.SZ,20210122,58.5776,59.3258,56.363,57.3506,57.7596,-0.4089999999999989,-0.7081,891659.61,5135566.882
228,002475.SZ,20210121,56.3231,58.3581,56.2732,57.7596,56.0737,1.6858999999999966,3.0066,900293.33,5174934.256
229,002475.SZ,20210120,56.0637,56.4129,54.8666,56.0737,55.5749,0.4988000000000028,0.8975,751365.83,4193144.12
230,002475.SZ,20210119,57.6598,57.7297,55.3854,55.5749,57.7596,-2.1846999999999994,-3.7824,1092621.87,6146833.932
231,002475.SZ,20210118,57.3605,58.7372,57.3605,57.7596,57.2608,0.4987999999999957,0.8711,777859.26,4519950.341
232,002475.SZ,20210115,58.8569,59.7348,56.2233,57.2608,59.6749,-2.4140999999999977,-4.0454,1007419.63,5837483.662
233,002475.SZ,20210114,62.1589,63.1066,59.5053,59.6749,61.9594,-2.2845000000000013,-3.6871,1139794.44,6956819.755
234,002475.SZ,20210113,60.054,62.4582,59.5153,61.9594,60.2236,1.7358000000000047,2.8823,1241958.65,7659221.392
235,002475.SZ,20210112,59.8545,60.473,58.2384,60.2236,60.8521,-0.6285000000000025,-1.0328,1131937.32,6745319.448
236,002475.SZ,20210111,59.8645,60.9119,58.6574,60.8521,59.8645,0.9876000000000005,1.6497,1280450.98,7672326.386
237,002475.SZ,20210108,59.3158,60.8521,58.7572,59.8645,58.3581,1.5063999999999993,2.5813,1489615.27,8921331.481
238,002475.SZ,20210107,55.7445,58.418,55.0661,58.3581,55.4253,2.9328000000000003,5.2914,1458989.24,8378821.173
239,002475.SZ,20210106,56.1934,57.3406,54.8666,55.4253,56.1136,-0.6882999999999981,-1.2266,910359.62,5108131.216
240,002475.SZ,20210105,53.4501,56.1335,53.2206,56.1136,53.9389,2.1747000000000014,4.0318,1254141.9,6873512.662
241,002475.SZ,20210104,55.6647,55.7644,52.9114,53.9389,55.9839,-2.0450000000000017,-3.6528,1430340.21,7723657.661
242,002475.SZ,20201231,55.8642,57.0014,55.0661,55.9839,55.944,0.03989999999999583,0.0713,621498.33,3483265.405
243,002475.SZ,20201230,54.9265,56.1535,54.9265,55.944,55.3654,0.5786000000000016,1.0451,600036.82,3342355.035
244,002475.SZ,20201229,56.0338,56.2632,54.5574,55.3654,55.4452,-0.07979999999999876,-0.1439,580708.13,3237582.03
245,002475.SZ,20201228,56.4129,56.7121,55.0761,55.4452,56.4228,-0.9776000000000025,-1.7326,660476.82,3687951.763
246,002475.SZ,20201225,55.8742,58.0788,55.6746,56.4228,55.5948,0.828000000000003,1.4893,839649.65,4803436.986
247,002475.SZ,20201224,55.3454,56.6323,54.717,55.5948,55.3355,0.2592999999999961,0.4686,733550.92,4107276.064
248,002475.SZ,20201223,53.081,55.3654,53.081,55.3355,52.3627,2.9728000000000065,5.6773,1272601.3,6952737.788
249,002475.SZ,20201222,52.0235,53.5897,51.5347,52.3627,52.7917,-0.42900000000000205,-0.8126,778906.15,4102959.923
250,002475.SZ,20201221,50.8963,52.8715,50.6469,52.7917,51.3551,1.4365999999999985,2.7974,656343.19,3419086.439
251,002475.SZ,20201218,52.5921,52.5921,50.577,51.3551,52.2629,-0.9078000000000017,-1.737,513225.54,2640751.302
252,002475.SZ,20201217,52.4625,53.0311,51.6444,52.2629,52.2031,0.05980000000000274,0.1146,507771.64,2662460.997
253,002475.SZ,20201216,51.2753,52.8515,51.2753,52.2031,50.2179,1.985199999999999,3.9532,1024141.06,5356231.675
254,002475.SZ,20201215,49.4997,50.5272,49.2004,50.2179,49.6892,0.5287000000000006,1.064,498497.9,2492759.975
255,002475.SZ,20201214,50.4773,50.6469,48.6816,49.6892,50.5571,-0.8678999999999988,-1.7167,882913.38,4359614.391
256,002475.SZ,20201211,51.8739,51.9337,49.8787,50.5571,51.6744,-1.1173000000000002,-2.1622,648409.87,3294180.907
257,002475.SZ,20201210,52.2629,52.4724,51.2255,51.6744,52.9213,-1.2469000000000037,-2.3561,536064.0,2777151.899
258,002475.SZ,20201209,52.8715,54.707,52.8615,52.9213,52.4226,0.4986999999999995,0.9513,796065.05,4281597.728
259,002475.SZ,20201208,52.8116,52.8715,52.0934,52.4226,52.642,-0.21940000000000026,-0.4168,392539.94,2063595.769
260,002475.SZ,20201207,52.1532,52.7518,51.6744,52.642,52.0135,0.6285000000000025,1.2083,528857.65,2777575.287
261,002475.SZ,20201204,51.1656,52.3328,50.587,52.0135,51.1457,0.8678000000000026,1.6967,513233.03,2652980.046
262,002475.SZ,20201203,51.2753,51.834,51.0559,51.1457,51.4749,-0.32920000000000016,-0.6395,477449.05,2456404.802
263,002475.SZ,20201202,52.5024,52.5024,50.9561,51.4749,52.5522,-1.077300000000001,-2.05,674643.38,3480466.295
264,002475.SZ,20201201,51.8739,52.7418,51.3751,52.5522,51.5646,0.9876000000000005,1.9153,620557.53,3242831.249
265,002475.SZ,20201130,52.6719,52.8715,51.3951,51.5646,51.8739,-0.30930000000000035,-0.5963,800319.86,4200388.543
266,002475.SZ,20201127,50.4573,51.9736,49.8688,51.8739,50.0583,1.8155999999999963,3.627,644944.24,3293313.112
267,002475.SZ,20201126,50.587,50.8663,49.1006,50.0583,50.9561,-0.8977999999999966,-1.7619,621315.52,3105359.936
268,002475.SZ,20201125,51.3252,52.0335,50.7267,50.9561,50.8464,0.10969999999999658,0.2157,556547.99,2859199.251
269,002475.SZ,20201124,51.0459,51.3551,49.37,50.8464,51.5547,-0.7082999999999942,-1.3739,909347.47,4586100.896
270,002475.SZ,20201123,52.1532,52.5921,50.9162,51.5547,52.0535,-0.4988000000000028,-0.9582,682026.5,3525595.825
271,002475.SZ,20201120,52.1732,53.3303,51.6544,52.0535,51.9138,0.13969999999999771,0.2691,530841.64,2785684.292
272,002475.SZ,20201119,52.3128,52.7617,51.5946,51.9138,52.3028,-0.3889999999999958,-0.7437,432396.14,2254918.364
273,002475.SZ,20201118,52.5522,52.7717,51.5746,52.3028,53.2505,-0.9477000000000046,-1.7797,607917.91,3178048.431
274,002475.SZ,20201117,51.8739,53.3603,50.2778,53.2505,52.662,0.5885000000000034,1.1175,1106301.99,5729009.646
275,002475.SZ,20201116,55.7345,55.7345,51.0459,52.662,55.7345,-3.072499999999998,-5.5127,1534373.6,8068832.555
276,002475.SZ,20201113,56.9116,57.161,55.3754,55.7345,56.9116,-1.177100000000003,-2.0683,539773.46,3032652.116
277,002475.SZ,20201112,57.2209,57.6199,56.6223,56.9116,56.5625,0.34909999999999997,0.6172,295576.19,1690440.691
278,002475.SZ,20201111,57.8194,58.3282,56.5525,56.5625,57.9691,-1.4065999999999974,-2.4265,503100.12,2881051.992
279,002475.SZ,20201110,58.8569,59.0165,57.3705,57.9691,59.4555,-1.4864000000000033,-2.5,612931.71,3571231.131
280,002475.SZ,20201109,60.064,61.5304,59.0464,59.4555,58.9068,0.5487000000000037,0.9315,922278.9,5587775.843
281,002475.SZ,20201106,58.7771,58.9467,57.9391,58.9068,58.3481,0.5586999999999946,0.9575,567474.95,3327248.353
282,002475.SZ,20201105,58.8569,59.1263,57.4603,58.3481,57.7895,0.5586000000000055,0.9666,570310.14,3336812.073
283,002475.SZ,20201104,56.4129,58.1087,56.4129,57.7895,56.7121,1.0773999999999972,1.8998,519331.61,2998249.881
284,002475.SZ,20201103,56.6423,57.2608,55.7545,56.7121,56.343,0.369099999999996,0.6551,406918.23,2308247.976
285,002475.SZ,20201102,54.7669,56.782,54.5673,56.343,54.727,1.6160000000000068,2.9528,599803.8,3355099.868
286,002475.SZ,20201030,58.3581,58.4878,54.3179,54.727,58.2584,-3.531400000000005,-6.0616,1138379.42,6379109.436
287,002475.SZ,20201029,57.9092,58.8569,57.3805,58.2584,59.2958,-1.037399999999998,-1.7495,634571.33,3702376.813
288,002475.SZ,20201028,58.0489,59.7348,56.5625,59.2958,57.4803,1.8155000000000001,3.1585,931389.67,5449228.84
289,002475.SZ,20201027,57.2408,57.6399,56.2034,57.4803,57.3605,0.11979999999999791,0.2089,457591.32,2616686.768
290,002475.SZ,20201026,56.2632,57.8494,55.3953,57.3605,56.6124,0.7481000000000009,1.3214,356388.29,2032764.339
291,002475.SZ,20201023,58.3581,58.6374,56.5425,56.6124,57.4503,-0.8378999999999976,-1.4585,351780.82,2021984.015
292,002475.SZ,20201022,56.8618,57.9591,56.6423,57.4503,57.5401,-0.08980000000000388,-0.1561,304499.56,1748407.289
293,002475.SZ,20201021,59.0764,59.0764,56.7421,57.5401,59.0764,-1.5362999999999971,-2.6005,550293.94,3168499.687
294,002475.SZ,20201020,58.3282,59.1462,57.3506,59.0764,58.3282,0.7481999999999971,1.2827,424607.39,2490141.316
295,002475.SZ,20201019,59.7048,60.1837,58.0289,58.3282,58.2284,0.09980000000000189,0.1714,478610.11,2836535.714
296,002475.SZ,20201016,59.4555,60.034,57.7795,58.2284,59.6051,-1.3766999999999996,-2.3097,555530.42,3258277.136
297,002475.SZ,20201015,59.9542,60.7423,59.3557,59.6051,59.655,-0.049900000000000944,-0.0836,400380.7,2400907.195
298,002475.SZ,20201014,60.1039,60.3533,59.1462,59.655,61.2511,-1.5960999999999999,-2.6058,753333.78,4505310.808
299,002475.SZ,20201013,61.9993,63.7251,60.6625,61.2511,61.8496,-0.5985000000000014,-0.9677,679718.67,4219500.54
300,002475.SZ,20201012,61.4406,61.8496,60.034,61.8496,61.291,0.5586000000000055,0.9114,930954.58,5709973.661
301,002475.SZ,20201009,58.9567,61.3309,58.5277,61.291,56.9914,4.299599999999998,7.5443,1259310.74,7588394.619
302,002475.SZ,20200930,56.8917,57.8095,56.363,56.9914,56.762,0.22939999999999827,0.4041,466276.4,2668926.188
303,002475.SZ,20200929,57.5601,57.6598,56.4627,56.762,56.752,0.00999999999999801,0.0176,538912.85,3081495.82
304,002475.SZ,20200928,55.7844,57.2109,55.3654,56.752,55.0661,1.6859000000000037,3.0616,771850.84,4387532.467
305,002475.SZ,20200925,55.6148,56.0537,53.9488,55.0661,55.2158,-0.14970000000000283,-0.2711,465549.96,2572443.543
306,002475.SZ,20200924,55.3654,57.0713,55.0761,55.2158,56.2632,-1.0473999999999961,-1.8616,621654.37,3482499.103
307,002475.SZ,20200923,55.9141,57.2109,55.6547,56.2632,55.6148,0.6483999999999952,1.1659,562135.52,3184824.696
308,002475.SZ,20200922,55.0961,56.762,54.8666,55.6148,54.6771,0.9376999999999995,1.715,648483.61,3642234.779
309,002475.SZ,20200921,55.5549,56.0637,54.6372,54.6771,55.5649,-0.8877999999999986,-1.5978,436331.34,2419479.046
310,002475.SZ,20200918,53.6496,56.1635,53.6496,55.5649,53.5498,2.015100000000004,3.763,662938.43,3671722.765
311,002475.SZ,20200917,53.869,54.4875,52.8715,53.5498,54.0586,-0.5088000000000008,-0.9412,428309.17,2305159.074
312,002475.SZ,20200916,54.8666,54.9564,53.2007,54.0586,55.3554,-1.2968000000000046,-2.3427,566754.0,3061236.879
313,002475.SZ,20200915,55.8143,55.8642,54.4676,55.3554,56.0737,-0.7182999999999993,-1.281,488354.18,2700921.885
314,002475.SZ,20200914,55.9141,57.3605,55.1759,56.0737,55.8143,0.2593999999999994,0.4648,832244.07,4691008.263
315,002475.SZ,20200911,53.0909,55.8143,53.0909,55.8143,52.9712,2.8430999999999997,5.3673,784705.14,4301738.733
316,002475.SZ,20200910,52.3727,54.0686,51.834,52.9712,51.5247,1.4465000000000003,2.8074,719881.66,3840690.0
317,002475.SZ,20200909,51.1556,52.243,50.188,51.5247,52.632,-1.107299999999995,-2.1039,670274.5,3433074.245
318,002475.SZ,20200908,52.8116,53.0211,50.8863,52.632,52.1632,0.46879999999999455,0.8987,520475.14,2726339.249
319,002475.SZ,20200907,54.9065,55.0861,51.6744,52.1632,54.9065,-2.743299999999998,-4.9963,729184.5,3877765.78
320,002475.SZ,20200904,52.8715,55.2457,52.8715,54.9065,55.4652,-0.5587000000000018,-1.0073,541687.99,2948705.605
321,002475.SZ,20200903,56.4627,56.6423,55.0162,55.4652,57.191,-1.7257999999999996,-3.0176,656451.8,3674916.755
322,002475.SZ,20200902,57.8593,59.0464,57.1411,57.191,56.8717,0.31930000000000547,0.5614,945041.51,5496841.704
323,002475.SZ,20200901,54.7569,57.1311,54.1683,56.8717,54.8666,2.0050999999999988,3.6545,863960.19,4872766.129
324,002475.SZ,20200831,55.6746,56.3131,54.8666,54.8666,55.6846,-0.818000000000005,-1.469,568503.47,3164825.717
325,002475.SZ,20200828,54.3878,56.0637,53.6496,55.6846,55.0661,0.6185000000000045,1.1232,554519.4,3056659.411
326,002475.SZ,20200827,55.1659,55.535,54.2681,55.0661,54.8367,0.22939999999999827,0.4183,497714.26,2740179.111
327,002475.SZ,20200826,55.9639,56.8618,53.9488,54.8367,56.1236,-1.2869000000000028,-2.293,832879.82,4607341.072
328,002475.SZ,20200825,57.3107,57.4005,55.5549,56.1236,57.3107,-1.1870999999999938,-2.0713,1132787.33,6395254.51
329,002475.SZ,20200824,55.8143,57.5202,53.889,57.3107,53.49,3.820699999999995,7.1428,1460497.54,8202066.468
330,002475.SZ,20200821,52.3727,54.3678,52.3727,53.49,51.1856,2.304400000000001,4.502,1205466.69,6497282.282
331,002475.SZ,20200820,49.8787,52.1732,49.6892,51.1856,50.168,1.0176000000000016,2.0284,847336.91,4341292.559
332,002475.SZ,20200819,52.3727,52.3727,50.1581,50.168,52.5921,-2.424100000000003,-4.6092,915385.67,4662815.401
333,002475.SZ,20200818,53.2904,53.2904,51.4749,52.5921,53.7394,-1.1473000000000013,-2.1349,839636.2,4412058.61
334,002475.SZ,20200817,53.071,54.1384,52.8715,53.7394,53.6695,0.06990000000000407,0.1302,752167.0,4037332.666
335,002475.SZ,20200814,51.415,53.9887,51.2753,53.6695,52.0734,1.5960999999999999,3.0651,746294.32,3960857.917
336,002475.SZ,20200813,53.47,53.6695,51.7741,52.0734,53.071,-0.9975999999999985,-1.8797,577542.54,3028699.968
337,002475.SZ,20200812,51.4749,53.3603,50.1581,53.071,52.0535,1.0174999999999983,1.9547,1028640.66,5346700.257
338,002475.SZ,20200811,51.8739,54.4177,51.8739,52.0535,52.3028,-0.24929999999999808,-0.4766,893905.53,4770463.338
339,002475.SZ,20200810,50.8763,52.9912,49.38,52.3028,53.5199,-1.217100000000002,-2.2741,1238813.75,6392250.158
340,002475.SZ,20200807,56.5824,57.0613,52.5722,53.5199,56.1036,-2.5837000000000003,-4.6052,1326359.65,7214367.264
341,002475.SZ,20200806,56.7421,56.9615,55.4652,56.1036,57.0413,-0.9376999999999995,-1.6439,671657.68,3774932.432
342,002475.SZ,20200805,57.6399,57.9391,56.3131,57.0413,57.171,-0.1296999999999997,-0.2269,604401.55,3452526.674
343,002475.SZ,20200804,58.2484,58.5576,56.3829,57.171,59.0963,-1.9253,-3.2579,1050413.34,6040392.425
344,002475.SZ,20200803,59.7348,60.1837,57.7795,59.0963,58.4479,0.6484000000000023,1.1094,1107375.37,6529153.514
345,002475.SZ,20200731,57.6199,59.7048,57.3805,58.4479,56.4627,1.985199999999999,3.5159,1314551.04,7722920.912
346,002475.SZ,20200730,57.4803,57.7396,56.4627,56.4627,57.5102,-1.0474999999999994,-1.8214,717320.44,4089209.257
347,002475.SZ,20200729,54.9664,57.6299,54.4377,57.5102,55.8143,1.6958999999999946,3.0385,1203682.84,6800951.577
348,002475.SZ,20200728,53.7693,56.2233,53.2106,55.8143,52.5522,3.2621000000000038,6.2074,1282190.96,7044410.08
349,002475.SZ,20200727,53.2007,54.3379,51.8739,52.5522,52.9712,-0.41900000000000404,-0.791,1006719.6,5358343.867
350,002475.SZ,20200724,56.0936,56.4927,52.8715,52.9712,57.2408,-4.269599999999997,-7.459,1464597.76,7979749.776
351,002475.SZ,20200723,55.8642,57.8593,55.4652,57.2408,57.171,0.06980000000000075,0.1221,1356076.08,7708565.318
352,002475.SZ,20200722,56.3031,58.3082,55.4951,57.171,55.8642,1.3068000000000026,2.3392,1211398.31,6964505.684
353,002475.SZ,20200721,55.2856,56.363,54.0187,55.8642,55.5549,0.30929999999999325,0.5567,1120007.28,6197864.813
354,002475.SZ,20200720,58.8569,58.8569,54.298,55.5549,55.0262,0.5287000000000006,0.9608,1792554.98,10071444.25
355,002475.SZ,20200717,52.8715,55.6248,52.8715,55.0262,52.7917,2.234500000000004,4.2327,1272709.14,6956297.265
356,002475.SZ,20200716,57.3705,58.3082,52.5423,52.7917,56.6323,-3.840600000000002,-6.7816,1767492.12,9724763.41
357,002475.SZ,20200715,59.655,60.9718,56.4228,56.6323,58.817,-2.1846999999999994,-3.7144,1224340.26,7171518.876
358,002475.SZ,20200714,58.8569,59.8545,57.3605,58.817,59.8545,-1.0375000000000014,-1.7334,1141884.28,6698074.018
359,002475.SZ,20200713,56.1136,59.8545,56.1136,59.8545,56.0338,3.820700000000002,6.8186,1022298.23,6000437.019
360,002475.SZ,20200710,55.4751,57.3306,54.8068,56.0338,56.1535,-0.1197000000000017,-0.2132,767917.43,4319566.72
361,002475.SZ,20200709,55.8542,57.6798,55.6647,56.1535,55.6647,0.4887999999999977,0.8781,964646.64,5453848.934
362,002475.SZ,20200708,54.6172,56.1335,53.7892,55.6647,54.5673,1.0974000000000004,2.0111,914162.04,5045022.392
363,002475.SZ,20200707,52.8715,56.4129,52.642,54.5673,52.5822,1.9851000000000028,3.7752,1222246.99,6718833.299
364,002475.SZ,20200706,50.3177,53.1508,49.4797,52.5822,50.4773,2.1049000000000007,4.17,1301078.1,6694354.302
365,002475.SZ,20200703,50.9062,51.4749,48.8812,50.4773,51.1656,-0.6882999999999981,-1.3452,1058318.88,5299040.146
366,002475.SZ,20200702,50.8863,51.8938,50.4573,51.1656,51.5746,-0.4089999999999989,-0.793,738657.49,3771686.721
367,002475.SZ,20200701,50.9362,51.5746,49.8787,51.5746,51.2255,0.34909999999999997,0.6815,771150.15,3927911.729
368,002475.SZ,20200630,49.0807,51.4749,48.7615,51.2255,47.9135,3.3119999999999976,6.9125,906676.12,4543470.074
369,002475.SZ,20200629,48.0831,48.9011,47.4646,47.9135,48.9211,-1.0076000000000036,-2.0596,707237.11,3408549.587
370,002475.SZ,20200624,48.9111,49.4298,47.7639,48.9211,48.931,-0.00989999999999469,-0.0202,781284.16,3807328.549
371,002475.SZ,20200623,47.8836,49.2802,46.7464,48.931,47.2152,1.7157999999999944,3.634,857986.52,4119934.838
372,002475.SZ,20200622,45.4894,47.4347,45.4894,47.2152,45.4894,1.7257999999999996,3.7939,856777.63,4003118.389
373,002475.SZ,20200619,45.2899,46.088,44.9008,45.4894,45.5393,-0.04989999999999384,-0.1096,725098.11,3313450.629
374,002475.SZ,20200618,42.796,45.5393,42.5964,45.5393,42.786,2.753299999999996,6.435,956376.79,4256759.354
375,002475.SZ,20200617,42.8259,43.5142,41.6188,42.786,42.3171,0.4688999999999979,1.1081,600046.99,2560598.493
376,002475.SZ,20200616,41.98,42.9829,41.5053,42.3168,40.8851,1.4316999999999993,3.5018,543084.17,2994856.461
377,002475.SZ,20200615,41.3292,42.2632,40.8698,40.8851,41.7273,-0.8421999999999983,-2.0183,498872.57,2697687.512
378,002475.SZ,20200612,41.1224,41.98,41.0765,41.7273,42.0106,-0.283299999999997,-0.6744,592731.55,3209874.674
379,002475.SZ,20200611,41.8345,43.2586,41.3904,42.0106,41.8192,0.19139999999999446,0.4577,713574.92,3936928.032
380,002475.SZ,20200610,39.8898,42.1714,39.8898,41.8192,39.5069,2.3123000000000005,5.8529,867115.68,4671432.0
381,002475.SZ,20200609,39.1318,39.9663,38.7107,39.5069,39.1701,0.33680000000000376,0.8598,514378.98,2647688.048
382,002475.SZ,20200608,40.196,41.4517,38.6647,39.1701,39.6984,-0.5283000000000015,-1.3308,759508.1,3966688.442
383,002475.SZ,20200605,38.6647,40.0123,38.0905,39.6984,38.435,1.2633999999999972,3.2871,686880.29,3511388.953
384,002475.SZ,20200604,39.1088,39.5529,38.1135,38.435,38.8179,-0.38289999999999935,-0.9864,556826.95,2806282.597
385,002475.SZ,20200603,37.2866,39.951,36.7583,38.8179,36.9956,1.8222999999999985,4.9257,1091091.26,5506893.345
386,002475.SZ,20200602,36.743,37.4474,36.6358,36.9956,36.6894,0.306200000000004,0.8346,671230.4,3252571.657
387,002475.SZ,20200601,35.0662,37.1641,35.0662,36.6894,34.0709,2.6184999999999974,7.6854,949179.86,4500767.48
388,002475.SZ,20200529,33.7034,34.7447,33.4661,34.0709,34.0326,0.03829999999999956,0.1125,386208.22,1727895.614
389,002475.SZ,20200528,33.7264,34.2164,33.1521,34.0326,34.1015,-0.0688999999999993,-0.202,436833.76,1922743.853
390,002475.SZ,20200527,34.9897,34.9973,33.8412,34.1015,35.2194,-1.1178999999999988,-3.1741,451313.66,2024374.237
391,002475.SZ,20200526,34.2929,35.5716,34.1322,35.2194,33.7876,1.4318000000000026,4.2376,617092.26,2821772.088
392,002475.SZ,20200525,33.9867,34.2087,33.2593,33.7876,34.1092,-0.32160000000000366,-0.9429,450602.46,1982493.85
393,002475.SZ,20200522,35.0509,35.0509,33.9408,34.1092,35.2194,-1.110199999999999,-3.1522,563598.16,2531885.06
394,002475.SZ,20200521,35.4337,35.9697,35.1428,35.2194,35.3802,-0.16080000000000183,-0.4545,464200.3,2154952.421
395,002475.SZ,20200520,36.1305,36.3678,35.1122,35.3802,35.8778,-0.4975999999999985,-1.3869,576438.45,2676711.0
396,002475.SZ,20200519,35.4491,36.3219,35.3955,35.8778,34.783,1.0947999999999993,3.1475,659658.41,3085359.367
397,002475.SZ,20200518,35.8319,35.9467,34.5839,34.783,36.9267,-2.1436999999999955,-5.8053,1127494.0,5183530.664
398,002475.SZ,20200515,37.4014,37.5699,36.8731,36.9267,37.3708,-0.44410000000000593,-1.1884,517716.52,2512218.857
399,002475.SZ,20200514,37.0646,38.0522,37.0263,37.3708,37.8608,-0.4899999999999949,-1.2942,579818.39,2834110.017
400,002475.SZ,20200513,35.985,38.2819,35.495,37.8608,36.4903,1.3704999999999998,3.7558,1039515.22,5009538.866
401,002475.SZ,20200512,35.4873,36.6588,35.1964,36.4903,35.7094,0.7808999999999955,2.1868,634560.64,2983318.415
402,002475.SZ,20200511,36.5899,36.6358,35.3802,35.7094,36.1764,-0.46699999999999875,-1.2909,562514.25,2633840.808
403,002475.SZ,20200508,36.1381,36.7353,35.6098,36.1764,35.8855,0.2909000000000006,0.8106,520444.69,2461420.528
404,002475.SZ,20200507,36.5669,37.0263,35.7936,35.8855,36.3755,-0.490000000000002,-1.3471,514455.54,2430485.805
405,002475.SZ,20200506,35.6864,36.6128,35.4873,36.3755,36.2224,0.153100000000002,0.4227,798789.62,3758204.622
406,002475.SZ,20200430,35.8319,36.9038,35.7247,36.2224,35.2959,0.9264999999999972,2.625,779093.28,3709652.012
407,002475.SZ,20200429,34.6451,35.3572,34.3006,35.2959,34.8365,0.45940000000000225,1.3187,592438.52,2705976.265
408,002475.SZ,20200428,33.0067,35.3036,32.6698,34.8365,32.1338,2.7027,8.4108,1391617.56,6196235.286
409,002475.SZ,20200427,31.8888,32.2334,31.0696,32.1338,31.5749,0.5589000000000013,1.7701,432374.85,1800329.409
410,002475.SZ,20200424,31.6668,32.2181,31.2151,31.5749,31.7357,-0.16080000000000183,-0.5067,466931.33,1939389.594
411,002475.SZ,20200423,32.1568,32.3099,31.6745,31.7357,32.042,-0.30630000000000024,-0.9559,374811.39,1564768.901
412,002475.SZ,20200422,31.4141,32.0956,31.1309,32.042,31.6974,0.34460000000000335,1.0872,409660.83,1701197.331
413,002475.SZ,20200421,32.1568,32.3406,30.8399,31.6974,32.4554,-0.7579999999999991,-2.3355,670748.05,2760355.188
414,002475.SZ,20200420,32.0573,32.5396,31.9118,32.4554,32.2257,0.22969999999999402,0.7128,386792.95,1627645.888
415,002475.SZ,20200417,32.754,33.0756,32.0113,32.2257,31.6056,0.6201000000000043,1.962,837565.41,3566255.679
416,002475.SZ,20200416,31.1538,31.774,30.7021,31.6056,31.5979,0.007699999999999818,0.0244,399446.02,1634617.743
417,002475.SZ,20200415,31.774,32.4707,31.3529,31.5979,31.6056,-0.007699999999999818,-0.0244,738877.58,3087871.572
418,002475.SZ,20200414,30.3805,31.6056,30.2427,31.6056,30.036,1.5695999999999977,5.2257,754024.76,3040083.37
419,002475.SZ,20200413,29.6915,30.3422,29.2091,30.036,30.3576,-0.3216000000000001,-1.0594,496856.19,1928059.248
420,002475.SZ,20200410,31.3912,31.3912,30.036,30.3576,31.5749,-1.217299999999998,-3.8553,792585.72,3155678.454
421,002475.SZ,20200409,32.5243,32.6621,31.3912,31.5749,32.4554,-0.8804999999999978,-2.713,617362.75,2559817.073
422,002475.SZ,20200408,32.1568,33.4584,31.8582,32.4554,32.2793,0.17609999999999815,0.5456,847944.42,3608645.532
423,002475.SZ,20200407,32.9225,32.9225,31.797,32.2793,31.5673,0.7119999999999997,2.2555,827870.45,3499129.713
424,002475.SZ,20200403,31.5443,32.1951,30.9318,31.5673,32.1415,-0.5742000000000012,-1.7865,789300.66,3238399.649
425,002475.SZ,20200402,29.5919,32.3559,29.569,32.1415,29.8982,2.2433000000000014,7.5031,1087659.22,4418461.571
426,002475.SZ,20200401,29.0943,31.1462,29.0177,29.8982,29.2168,0.6814,2.3322,987490.66,3907435.47
427,002475.SZ,20200331,29.7757,29.9518,28.8186,29.2168,29.2321,-0.01529999999999987,-0.0523,677098.32,2592942.703
428,002475.SZ,20200330,27.6778,29.5536,27.4175,29.2321,28.3669,0.865199999999998,3.05,1260316.11,4674669.409
429,002475.SZ,20200327,29.3622,29.3622,27.7544,28.3669,28.5966,-0.22969999999999757,-0.8032,915621.07,3418452.467
430,002475.SZ,20200326,29.4771,29.5,28.5966,28.5966,29.8216,-1.2250000000000014,-4.1078,986156.43,3745481.436
431,002475.SZ,20200325,28.4664,29.8216,28.4435,29.8216,27.1113,2.7103,9.9969,1388617.39,5333855.068
432,002475.SZ,20200324,27.1036,27.3103,25.9551,27.1113,26.338,0.773299999999999,2.9361,1001008.8,3506019.338
433,002475.SZ,20200323,27.6625,28.1755,26.338,26.338,29.2627,-2.924699999999998,-9.9946,1319124.04,4648531.716
434,002475.SZ,20200320,28.9641,29.5536,28.3286,29.2627,28.4664,0.7962999999999987,2.7973,1059396.45,4016192.324
435,002475.SZ,20200319,28.4817,29.1555,27.2797,28.4664,28.6502,-0.18380000000000152,-0.6415,1223728.93,4514530.636
436,002475.SZ,20200318,29.1708,30.4494,28.4817,28.6502,28.8339,-0.1836999999999982,-0.6371,969423.97,3746109.962
437,002475.SZ,20200317,30.013,30.5873,27.2184,28.8339,29.5996,-0.7656999999999989,-2.5869,1276809.85,4801212.352
438,002475.SZ,20200316,32.6928,32.754,29.5996,29.5996,32.8918,-3.2922000000000047,-10.0092,1402450.8,5604992.958
439,002475.SZ,20200313,30.7404,34.025,30.7098,32.8918,33.0985,-0.20669999999999789,-0.6245,847162.52,3591388.084
440,002475.SZ,20200312,32.4707,33.7493,32.2717,33.0985,33.6651,-0.5666000000000011,-1.683,651609.83,2803008.753
441,002475.SZ,20200311,34.982,35.1045,33.6651,33.6651,34.5839,-0.9187999999999974,-2.6567,733967.28,3287281.827
442,002475.SZ,20200310,32.2563,34.9055,32.2563,34.5839,32.5243,2.059600000000003,6.3325,1138045.76,5019806.881
443,002475.SZ,20200309,33.8795,34.3848,32.3482,32.5243,34.8825,-2.3582000000000036,-6.7604,1021806.62,4445537.254
444,002475.SZ,20200306,34.3006,35.4797,33.9714,34.8825,34.8212,0.0613000000000028,0.176,685798.43,3132507.443
445,002475.SZ,20200305,35.7017,36.0922,33.9254,34.8212,35.0816,-0.2604000000000042,-0.7423,1005893.9,4572694.592
446,002475.SZ,20200304,36.5975,37.0263,34.224,35.0816,36.8272,-1.745599999999996,-4.74,1233172.75,5706942.417
447,002475.SZ,20200303,38.3202,38.7413,36.23,36.8272,37.2024,-0.37519999999999953,-1.0085,1048220.69,5159042.659
448,002475.SZ,20200302,36.7583,37.8991,35.2347,37.2024,36.5975,0.6049000000000007,1.6528,1325610.82,6322187.427
449,002475.SZ,20200228,35.8013,37.8225,35.6787,36.5975,35.8013,0.7961999999999989,2.2239,1668783.56,7993261.446
450,002475.SZ,20200227,36.452,37.3019,35.5486,35.8013,36.452,-0.6507000000000005,-1.7851,758947.37,3590902.253
451,002475.SZ,20200226,38.1441,38.3738,35.9927,36.452,39.0782,-2.6262000000000043,-6.7204,960565.28,4683381.281
452,002475.SZ,20200225,37.8761,39.4151,37.0952,39.0782,39.0476,0.03059999999999974,0.0784,936914.61,4692685.351
453,002475.SZ,20200224,38.2896,39.5299,37.5546,39.0476,38.5499,0.4977000000000018,1.2911,776498.94,3913780.282
454,002475.SZ,20200221,37.4397,39.3002,37.2713,38.5499,38.0522,0.4977000000000018,1.3079,817228.94,4123627.845
455,002475.SZ,20200220,35.9467,38.3968,35.9467,38.0522,35.2806,2.7715999999999994,7.8559,1160171.44,5641463.118
456,002475.SZ,20200219,34.5686,36.3831,34.3389,35.2806,35.1045,0.17609999999999815,0.5016,911998.87,4229369.375
457,002475.SZ,20200218,35.2194,35.3036,34.1475,35.1045,35.3419,-0.23740000000000094,-0.6717,905737.26,4110283.541
458,002475.SZ,20200217,34.0326,35.3878,34.0173,35.3419,33.9637,1.3781999999999996,4.0579,845440.25,3844669.787
459,002475.SZ,20200214,33.4125,34.6834,33.4125,33.9637,33.7647,0.19900000000000517,0.5894,571538.16,2551116.064
460,002475.SZ,20200213,34.4537,34.8365,33.6881,33.7647,34.5303,-0.7655999999999992,-2.2172,643390.59,2872868.682
461,002475.SZ,20200212,34.4537,34.7906,33.9637,34.5303,34.8365,-0.306200000000004,-0.879,732762.97,3285217.323
462,002475.SZ,20200211,32.9225,35.4797,32.7693,34.8365,33.0909,1.7456000000000031,5.2752,1073094.37,4803567.238
463,002475.SZ,20200210,31.7893,33.1828,31.529,33.0909,32.754,0.3369,1.0286,796363.92,3370483.356
464,002475.SZ,20200207,33.6115,33.6115,32.2334,32.754,34.0939,-1.3399,-3.93,1097289.75,4702691.453
465,002475.SZ,20200206,33.9178,34.6451,33.0373,34.0939,34.1551,-0.06119999999999948,-0.1792,832351.75,3665773.84
466,002475.SZ,20200205,33.8259,35.9697,33.6881,34.1551,34.1168,0.03829999999999956,0.1123,950859.61,4316523.325
467,002475.SZ,20200204,31.8352,34.1168,31.7817,34.1168,31.1615,2.9552999999999976,9.4838,1065875.44,4591291.646
468,002475.SZ,20200203,31.1155,32.6468,31.1155,31.1615,34.5686,-3.4071000000000033,-9.8561,1184279.27,4878573.72
469,002475.SZ,20200123,35.2194,35.8855,33.7647,34.5686,36.1381,-1.569499999999998,-4.3431,760077.49,3457704.679
470,002475.SZ,20200122,33.3053,36.3908,32.6774,36.1381,33.78,2.3581000000000003,6.9808,695121.11,3121117.787
471,002475.SZ,20200121,33.3053,33.9178,32.999,33.78,33.3818,0.3982000000000028,1.1929,531395.68,2327388.187
472,002475.SZ,20200120,32.0113,33.9025,32.0113,33.3818,32.0802,1.3016000000000005,4.0573,756047.81,3296515.63
473,002475.SZ,20200117,32.7081,33.0296,31.7663,32.0802,32.7693,-0.6891000000000034,-2.1029,668548.3,2831071.595
474,002475.SZ,20200116,32.9225,33.1521,32.509,32.7693,33.4584,-0.6890999999999963,-2.0596,704863.9,3018191.666
475,002475.SZ,20200115,32.0037,33.4584,31.7663,33.4584,32.0267,1.4316999999999993,4.4703,545168.41,2318952.838
476,002475.SZ,20200114,32.1492,33.0603,31.8429,32.0267,31.7587,0.26799999999999713,0.8439,564729.8,2379000.336
477,002475.SZ,20200113,30.6179,32.0802,30.1662,31.7587,30.4188,1.3399,4.4048,673723.75,2750553.113
478,002475.SZ,20200110,30.8782,31.0696,30.2963,30.4188,30.5949,-0.17609999999999815,-0.5756,531654.6,2126307.36
479,002475.SZ,20200109,28.7727,30.8476,28.7727,30.5949,28.6043,1.9906000000000006,6.9591,886439.27,3474672.205
480,002475.SZ,20200108,28.8646,29.2857,28.566,28.6043,29.324,-0.7197000000000031,-2.4543,437550.87,1649761.302
481,002475.SZ,20200107,29.1938,29.4924,28.788,29.324,29.1708,0.15320000000000178,0.5252,439449.58,1671789.012
482,002475.SZ,20200106,28.3286,29.6685,28.1755,29.1708,28.5353,0.6355000000000004,2.2271,747446.66,2847963.487
483,002475.SZ,20200103,28.9411,29.5154,28.4052,28.5353,28.788,-0.2527000000000008,-0.8778,534347.15,2013648.744
484,002475.SZ,20200102,28.3286,29.056,27.831,28.788,27.9458,0.8422000000000018,3.0137,759306.75,2840896.081
